label,polygon_id,vertex_id,x,y
tissue,tissue_0,0,1070,78
tissue,tissue_0,1,1066,110
tissue,tissue_0,2,1056,112
tissue,tissue_0,3,1046,142
tissue,tissue_0,4,976,144
tissue,tissue_0,5,932,186
tissue,tissue_0,6,904,186
tissue,tissue_0,7,878,174
tissue,tissue_0,8,870,148
tissue,tissue_0,9,854,162
tissue,tissue_0,10,820,162
tissue,tissue_0,11,812,214
tissue,tissue_0,12,776,240
tissue,tissue_0,13,780,252
tissue,tissue_0,14,828,236
tissue,tissue_0,15,830,218
tissue,tissue_0,16,844,204
tissue,tissue_0,17,894,210
tissue,tissue_0,18,898,262
tissue,tissue_0,19,886,326
tissue,tissue_0,20,906,334
tissue,tissue_0,21,906,346
tissue,tissue_0,22,928,362
tissue,tissue_0,23,928,376
tissue,tissue_0,24,948,378
tissue,tissue_0,25,962,416
tissue,tissue_0,26,956,466
tissue,tissue_0,27,896,470
tissue,tissue_0,28,890,494
tissue,tissue_0,29,812,504
tissue,tissue_0,30,810,514
tissue,tissue_0,31,888,512
tissue,tissue_0,32,940,526
tissue,tissue_0,33,956,504
tissue,tissue_0,34,988,508
tissue,tissue_0,35,986,552
tissue,tissue_0,36,956,560
tissue,tissue_0,37,972,564
tissue,tissue_0,38,968,660
tissue,tissue_0,39,956,672
tissue,tissue_0,40,960,736
tissue,tissue_0,41,922,764
tissue,tissue_0,42,916,916
tissue,tissue_0,43,896,924
tissue,tissue_0,44,848,1006
tissue,tissue_0,45,848,1022
tissue,tissue_0,46,832,1038
tissue,tissue_0,47,862,1042
tissue,tissue_0,48,862,1070
tissue,tissue_0,49,744,1070
tissue,tissue_0,50,730,1064
tissue,tissue_0,51,726,1048
tissue,tissue_0,52,700,1046
tissue,tissue_0,53,692,1034
tissue,tissue_0,54,630,1032
tissue,tissue_0,55,560,1004
tissue,tissue_0,56,530,1018
tissue,tissue_0,57,462,1016
tissue,tissue_0,58,436,1028
tissue,tissue_0,59,428,1044
tissue,tissue_0,60,384,1046
tissue,tissue_0,61,350,1070
tissue,tissue_0,62,308,1074
tissue,tissue_0,63,242,1106
tissue,tissue_0,64,72,1140
tissue,tissue_0,65,148,1142
tissue,tissue_0,66,218,1132
tissue,tissue_0,67,264,1142
tissue,tissue_0,68,360,1114
tissue,tissue_0,69,446,1108
tissue,tissue_0,70,452,1100
tissue,tissue_0,71,522,1092
tissue,tissue_0,72,582,1098
tissue,tissue_0,73,586,1084
tissue,tissue_0,74,620,1082
tissue,tissue_0,75,650,1066
tissue,tissue_0,76,684,1066
tissue,tissue_0,77,724,1094
tissue,tissue_0,78,756,1100
tissue,tissue_0,79,878,1100
tissue,tissue_0,80,874,1150
tissue,tissue_0,81,888,1182
tissue,tissue_0,82,888,1216
tissue,tissue_0,83,878,1238
tissue,tissue_0,84,876,1316
tissue,tissue_0,85,852,1408
tissue,tissue_0,86,818,1440
tissue,tissue_0,87,852,1442
tissue,tissue_0,88,852,1482
tissue,tissue_0,89,836,1522
tissue,tissue_0,90,776,1522
tissue,tissue_0,91,794,1530
tissue,tissue_0,92,850,1526
tissue,tissue_0,93,846,1690
tissue,tissue_0,94,812,1760
tissue,tissue_0,95,812,1808
tissue,tissue_0,96,802,1822
tissue,tissue_0,97,792,1884
tissue,tissue_0,98,776,1906
tissue,tissue_0,99,748,1910
tissue,tissue_0,100,766,1914
tissue,tissue_0,101,756,2062
tissue,tissue_0,102,734,2076
tissue,tissue_0,103,738,2116
tissue,tissue_0,104,728,2142
tissue,tissue_0,105,738,2204
tissue,tissue_0,106,732,2216
tissue,tissue_0,107,720,2216
tissue,tissue_0,108,718,2322
tissue,tissue_0,109,706,2336
tissue,tissue_0,110,696,2406
tissue,tissue_0,111,658,2452
tissue,tissue_0,112,656,2470
tissue,tissue_0,113,646,2480
tissue,tissue_0,114,620,2480
tissue,tissue_0,115,620,2502
tissue,tissue_0,116,590,2512
tissue,tissue_0,117,580,2558
tissue,tissue_0,118,600,2560
tissue,tissue_0,119,598,2604
tissue,tissue_0,120,582,2616
tissue,tissue_0,121,556,2616
tissue,tissue_0,122,522,2658
tissue,tissue_0,123,500,2844
tissue,tissue_0,124,516,2848
tissue,tissue_0,125,518,2900
tissue,tissue_0,126,528,2900
tissue,tissue_0,127,540,2918
tissue,tissue_0,128,538,2964
tissue,tissue_0,129,1216,2964
tissue,tissue_0,130,1222,2934
tissue,tissue_0,131,1250,2934
tissue,tissue_0,132,1252,2964
tissue,tissue_0,133,1696,2964
tissue,tissue_0,134,1700,2904
tissue,tissue_0,135,1708,2888
tissue,tissue_0,136,1718,2888
tissue,tissue_0,137,1708,2882
tissue,tissue_0,138,1714,2796
tissue,tissue_0,139,1740,2760
tissue,tissue_0,140,1766,2756
tissue,tissue_0,141,1732,2750
tissue,tissue_0,142,1730,2656
tissue,tissue_0,143,1750,2606
tissue,tissue_0,144,1776,2586
tissue,tissue_0,145,1784,2564
tissue,tissue_0,146,1768,2546
tissue,tissue_0,147,1768,2518
tissue,tissue_0,148,1784,2506
tissue,tissue_0,149,1772,2500
tissue,tissue_0,150,1772,2470
tissue,tissue_0,151,1792,2450
tissue,tissue_0,152,1822,2450
tissue,tissue_0,153,1834,2460
tissue,tissue_0,154,1836,2482
tissue,tissue_0,155,1848,2488
tissue,tissue_0,156,1864,2480
tissue,tissue_0,157,1864,2450
tissue,tissue_0,158,1874,2444
tissue,tissue_0,159,1870,2428
tissue,tissue_0,160,1840,2400
tissue,tissue_0,161,1846,2326
tissue,tissue_0,162,1874,2292
tissue,tissue_0,163,1886,2238
tissue,tissue_0,164,1866,2192
tissue,tissue_0,165,1838,2186
tissue,tissue_0,166,1840,2058
tissue,tissue_0,167,1824,1962
tissue,tissue_0,168,1834,1960
tissue,tissue_0,169,1842,1932
tissue,tissue_0,170,1870,1928
tissue,tissue_0,171,1876,1858
tissue,tissue_0,172,1870,1840
tissue,tissue_0,173,1864,1854
tissue,tissue_0,174,1836,1862
tissue,tissue_0,175,1834,1898
tissue,tissue_0,176,1796,1898
tissue,tissue_0,177,1794,1850
tissue,tissue_0,178,1818,1842
tissue,tissue_0,179,1764,1844
tissue,tissue_0,180,1762,1830
tissue,tissue_0,181,1724,1836
tissue,tissue_0,182,1714,1792
tissue,tissue_0,183,1714,1816
tissue,tissue_0,184,1688,1828
tissue,tissue_0,185,1686,1854
tissue,tissue_0,186,1710,1854
tissue,tissue_0,187,1716,1862
tissue,tissue_0,188,1716,1900
tissue,tissue_0,189,1696,1906
tissue,tissue_0,190,1688,1934
tissue,tissue_0,191,1674,1934
tissue,tissue_0,192,1672,1964
tissue,tissue_0,193,1642,1964
tissue,tissue_0,194,1640,1934
tissue,tissue_0,195,1658,1930
tissue,tissue_0,196,1644,1920
tissue,tissue_0,197,1640,1900
tissue,tissue_0,198,1620,1894
tissue,tissue_0,199,1620,1858
tissue,tissue_0,200,1596,1852
tissue,tissue_0,201,1594,1834
tissue,tissue_0,202,1576,1826
tissue,tissue_0,203,1576,1814
tissue,tissue_0,204,1560,1804
tissue,tissue_0,205,1534,1804
tissue,tissue_0,206,1532,1774
tissue,tissue_0,207,1556,1750
tissue,tissue_0,208,1560,1716
tissue,tissue_0,209,1578,1682
tissue,tissue_0,210,1598,1674
tissue,tissue_0,211,1606,1650
tissue,tissue_0,212,1636,1624
tissue,tissue_0,213,1644,1602
tissue,tissue_0,214,1640,1570
tissue,tissue_0,215,1684,1516
tissue,tissue_0,216,1742,1484
tissue,tissue_0,217,1776,1436
tissue,tissue_0,218,1806,1436
tissue,tissue_0,219,1810,1398
tissue,tissue_0,220,1886,1410
tissue,tissue_0,221,1886,1376
tissue,tissue_0,222,1908,1362
tissue,tissue_0,223,1936,1362
tissue,tissue_0,224,1956,1388
tissue,tissue_0,225,1964,1344
tissue,tissue_0,226,1990,1322
tissue,tissue_0,227,1986,1310
tissue,tissue_0,228,1972,1320
tissue,tissue_0,229,1944,1320
tissue,tissue_0,230,1932,1292
tissue,tissue_0,231,1898,1288
tissue,tissue_0,232,1898,1262
tissue,tissue_0,233,1870,1260
tissue,tissue_0,234,1838,1238
tissue,tissue_0,235,1836,1254
tissue,tissue_0,236,1798,1252
tissue,tissue_0,237,1802,1192
tissue,tissue_0,238,1794,1190
tissue,tissue_0,239,1792,1148
tissue,tissue_0,240,1800,1146
tissue,tissue_0,241,1808,1116
tissue,tissue_0,242,1850,1112
tissue,tissue_0,243,1856,1092
tissue,tissue_0,244,1904,1092
tissue,tissue_0,245,1912,1084
tissue,tissue_0,246,1826,1086
tissue,tissue_0,247,1824,1056
tissue,tissue_0,248,1806,1046
tissue,tissue_0,249,1790,1058
tissue,tissue_0,250,1758,1058
tissue,tissue_0,251,1752,1046
tissue,tissue_0,252,1712,1048
tissue,tissue_0,253,1706,1016
tissue,tissue_0,254,1696,1014
tissue,tissue_0,255,1704,976
tissue,tissue_0,256,1694,950
tissue,tissue_0,257,1662,948
tissue,tissue_0,258,1648,1026
tissue,tissue_0,259,1616,1026
tissue,tissue_0,260,1614,980
tissue,tissue_0,261,1624,942
tissue,tissue_0,262,1598,896
tissue,tissue_0,263,1598,868
tissue,tissue_0,264,1618,840
tissue,tissue_0,265,1610,832
tissue,tissue_0,266,1620,720
tissue,tissue_0,267,1594,690
tissue,tissue_0,268,1596,590
tissue,tissue_0,269,1572,580
tissue,tissue_0,270,1576,538
tissue,tissue_0,271,1540,516
tissue,tissue_0,272,1540,488
tissue,tissue_0,273,1550,482
tissue,tissue_0,274,1516,476
tissue,tissue_0,275,1516,454
tissue,tissue_0,276,1492,432
tissue,tissue_0,277,1492,420
tissue,tissue_0,278,1478,432
tissue,tissue_0,279,1440,430
tissue,tissue_0,280,1422,384
tissue,tissue_0,281,1426,336
tissue,tissue_0,282,1400,336
tissue,tissue_0,283,1398,318
tissue,tissue_0,284,1336,318
tissue,tissue_0,285,1322,202
tissue,tissue_0,286,1278,186
tissue,tissue_0,287,1222,180
tissue,tissue_0,288,1202,150
tissue,tissue_0,289,1152,144
tissue,tissue_0,290,1120,94
tissue,tissue_0,291,1088,94
tissue,tissue_0,292,1080,78
epithelium,epithelium_0,0,1592,618
epithelium,epithelium_0,1,1570,620
epithelium,epithelium_0,2,1542,658
epithelium,epithelium_0,3,1502,684
epithelium,epithelium_0,4,1478,722
epithelium,epithelium_0,5,1430,716
epithelium,epithelium_0,6,1398,804
epithelium,epithelium_0,7,1340,826
epithelium,epithelium_0,8,1322,868
epithelium,epithelium_0,9,1298,882
epithelium,epithelium_0,10,1274,868
epithelium,epithelium_0,11,1300,828
epithelium,epithelium_0,12,1324,824
epithelium,epithelium_0,13,1332,812
epithelium,epithelium_0,14,1334,778
epithelium,epithelium_0,15,1322,758
epithelium,epithelium_0,16,1318,716
epithelium,epithelium_0,17,1346,682
epithelium,epithelium_0,18,1340,642
epithelium,epithelium_0,19,1306,620
epithelium,epithelium_0,20,1274,626
epithelium,epithelium_0,21,1274,644
epithelium,epithelium_0,22,1298,656
epithelium,epithelium_0,23,1310,678
epithelium,epithelium_0,24,1304,686
epithelium,epithelium_0,25,1252,678
epithelium,epithelium_0,26,1252,694
epithelium,epithelium_0,27,1276,706
epithelium,epithelium_0,28,1242,762
epithelium,epithelium_0,29,1228,768
epithelium,epithelium_0,30,1218,758
epithelium,epithelium_0,31,1216,696
epithelium,epithelium_0,32,1222,678
epithelium,epithelium_0,33,1266,640
epithelium,epithelium_0,34,1254,596
epithelium,epithelium_0,35,1236,596
epithelium,epithelium_0,36,1224,608
epithelium,epithelium_0,37,1216,648
epithelium,epithelium_0,38,1168,638
epithelium,epithelium_0,39,1136,652
epithelium,epithelium_0,40,1118,620
epithelium,epithelium_0,41,1094,620
epithelium,epithelium_0,42,1082,630
epithelium,epithelium_0,43,1094,674
epithelium,epithelium_0,44,1070,706
epithelium,epithelium_0,45,1070,726
epithelium,epithelium_0,46,1092,730
epithelium,epithelium_0,47,1110,714
epithelium,epithelium_0,48,1124,716
epithelium,epithelium_0,49,1146,748
epithelium,epithelium_0,50,1148,792
epithelium,epithelium_0,51,1106,888
epithelium,epithelium_0,52,1108,918
epithelium,epithelium_0,53,1090,948
epithelium,epithelium_0,54,1082,928
epithelium,epithelium_0,55,1058,912
epithelium,epithelium_0,56,1040,914
epithelium,epithelium_0,57,1050,978
epithelium,epithelium_0,58,1070,980
epithelium,epithelium_0,59,1046,982
epithelium,epithelium_0,60,1046,1002
epithelium,epithelium_0,61,1054,1014
epithelium,epithelium_0,62,1078,1016
epithelium,epithelium_0,63,1082,1024
epithelium,epithelium_0,64,1050,1040
epithelium,epithelium_0,65,1052,1078
epithelium,epithelium_0,66,1086,1074
epithelium,epithelium_0,67,1092,1088
epithelium,epithelium_0,68,1058,1112
epithelium,epithelium_0,69,1032,1112
epithelium,epithelium_0,70,1038,1160
epithelium,epithelium_0,71,1058,1164
epithelium,epithelium_0,72,1042,1172
epithelium,epithelium_0,73,1042,1188
epithelium,epithelium_0,74,1056,1200
epithelium,epithelium_0,75,1098,1198
epithelium,epithelium_0,76,1098,1180
epithelium,epithelium_0,77,1082,1154
epithelium,epithelium_0,78,1112,1144
epithelium,epithelium_0,79,1116,1104
epithelium,epithelium_0,80,1152,1134
epithelium,epithelium_0,81,1158,1160
epithelium,epithelium_0,82,1136,1184
epithelium,epithelium_0,83,1134,1266
epithelium,epithelium_0,84,1152,1290
epithelium,epithelium_0,85,1148,1338
epithelium,epithelium_0,86,1122,1406
epithelium,epithelium_0,87,1040,1500
epithelium,epithelium_0,88,1032,1568
epithelium,epithelium_0,89,988,1700
epithelium,epithelium_0,90,972,1714
epithelium,epithelium_0,91,968,1744
epithelium,epithelium_0,92,948,1766
epithelium,epithelium_0,93,948,1814
epithelium,epithelium_0,94,924,1854
epithelium,epithelium_0,95,922,1878
epithelium,epithelium_0,96,880,1940
epithelium,epithelium_0,97,884,2002
epithelium,epithelium_0,98,840,2058
epithelium,epithelium_0,99,834,2092
epithelium,epithelium_0,100,810,2128
epithelium,epithelium_0,101,792,2244
epithelium,epithelium_0,102,788,2368
epithelium,epithelium_0,103,800,2380
epithelium,epithelium_0,104,816,2380
epithelium,epithelium_0,105,816,2344
epithelium,epithelium_0,106,854,2320
epithelium,epithelium_0,107,854,2304
epithelium,epithelium_0,108,830,2304
epithelium,epithelium_0,109,812,2282
epithelium,epithelium_0,110,828,2188
epithelium,epithelium_0,111,838,2182
epithelium,epithelium_0,112,862,2190
epithelium,epithelium_0,113,882,2214
epithelium,epithelium_0,114,872,2230
epithelium,epithelium_0,115,840,2226
epithelium,epithelium_0,116,840,2242
epithelium,epithelium_0,117,864,2276
epithelium,epithelium_0,118,880,2276
epithelium,epithelium_0,119,910,2236
epithelium,epithelium_0,120,900,2192
epithelium,epithelium_0,121,910,2162
epithelium,epithelium_0,122,906,2108
epithelium,epithelium_0,123,920,2090
epithelium,epithelium_0,124,920,2072
epithelium,epithelium_0,125,902,2026
epithelium,epithelium_0,126,918,2004
epithelium,epithelium_0,127,930,1946
epithelium,epithelium_0,128,944,1928
epithelium,epithelium_0,129,942,1886
epithelium,epithelium_0,130,976,1812
epithelium,epithelium_0,131,1030,1752
epithelium,epithelium_0,132,1022,1716
epithelium,epithelium_0,133,1034,1702
epithelium,epithelium_0,134,1054,1700
epithelium,epithelium_0,135,1056,1652
epithelium,epithelium_0,136,1082,1638
epithelium,epithelium_0,137,1088,1654
epithelium,epithelium_0,138,1072,1698
epithelium,epithelium_0,139,1080,1732
epithelium,epithelium_0,140,1074,1878
epithelium,epithelium_0,141,1062,1938
epithelium,epithelium_0,142,1100,2026
epithelium,epithelium_0,143,1100,2060
epithelium,epithelium_0,144,1110,2080
epithelium,epithelium_0,145,1098,2164
epithelium,epithelium_0,146,1098,2270
epithelium,epithelium_0,147,1120,2306
epithelium,epithelium_0,148,1170,2330
epithelium,epithelium_0,149,1190,2378
epithelium,epithelium_0,150,1182,2436
epithelium,epithelium_0,151,1154,2484
epithelium,epithelium_0,152,1154,2502
epithelium,epithelium_0,153,1176,2496
epithelium,epithelium_0,154,1226,2410
epithelium,epithelium_0,155,1296,2334
epithelium,epithelium_0,156,1344,2252
epithelium,epithelium_0,157,1374,2150
epithelium,epithelium_0,158,1390,2024
epithelium,epithelium_0,159,1406,2000
epithelium,epithelium_0,160,1424,1994
epithelium,epithelium_0,161,1440,1952
epithelium,epithelium_0,162,1432,1894
epithelium,epithelium_0,163,1484,1814
epithelium,epithelium_0,164,1506,1756
epithelium,epithelium_0,165,1552,1716
epithelium,epithelium_0,166,1566,1672
epithelium,epithelium_0,167,1618,1620
epithelium,epithelium_0,168,1634,1572
epithelium,epithelium_0,169,1674,1526
epithelium,epithelium_0,170,1742,1484
epithelium,epithelium_0,171,1762,1448
epithelium,epithelium_0,172,1806,1416
epithelium,epithelium_0,173,1806,1364
epithelium,epithelium_0,174,1766,1314
epithelium,epithelium_0,175,1744,1312
epithelium,epithelium_0,176,1676,1368
epithelium,epithelium_0,177,1642,1426
epithelium,epithelium_0,178,1572,1444
epithelium,epithelium_0,179,1532,1486
epithelium,epithelium_0,180,1502,1478
epithelium,epithelium_0,181,1484,1488
epithelium,epithelium_0,182,1476,1520
epithelium,epithelium_0,183,1506,1512
epithelium,epithelium_0,184,1516,1518
epithelium,epithelium_0,185,1476,1590
epithelium,epithelium_0,186,1464,1636
epithelium,epithelium_0,187,1452,1642
epithelium,epithelium_0,188,1428,1634
epithelium,epithelium_0,189,1402,1668
epithelium,epithelium_0,190,1388,1654
epithelium,epithelium_0,191,1368,1656
epithelium,epithelium_0,192,1392,1716
epithelium,epithelium_0,193,1388,1744
epithelium,epithelium_0,194,1368,1766
epithelium,epithelium_0,195,1352,1758
epithelium,epithelium_0,196,1342,1738
epithelium,epithelium_0,197,1350,1670
epithelium,epithelium_0,198,1314,1632
epithelium,epithelium_0,199,1264,1630
epithelium,epithelium_0,200,1256,1642
epithelium,epithelium_0,201,1240,1642
epithelium,epithelium_0,202,1236,1664
epithelium,epithelium_0,203,1224,1658
epithelium,epithelium_0,204,1236,1652
epithelium,epithelium_0,205,1222,1600
epithelium,epithelium_0,206,1238,1518
epithelium,epithelium_0,207,1284,1400
epithelium,epithelium_0,208,1292,1396
epithelium,epithelium_0,209,1306,1410
epithelium,epithelium_0,210,1316,1458
epithelium,epithelium_0,211,1340,1502
epithelium,epithelium_0,212,1360,1502
epithelium,epithelium_0,213,1376,1482
epithelium,epithelium_0,214,1372,1454
epithelium,epithelium_0,215,1352,1428
epithelium,epithelium_0,216,1324,1412
epithelium,epithelium_0,217,1314,1370
epithelium,epithelium_0,218,1332,1278
epithelium,epithelium_0,219,1358,1258
epithelium,epithelium_0,220,1374,1284
epithelium,epithelium_0,221,1416,1280
epithelium,epithelium_0,222,1432,1302
epithelium,epithelium_0,223,1432,1320
epithelium,epithelium_0,224,1448,1320
epithelium,epithelium_0,225,1480,1304
epithelium,epithelium_0,226,1500,1274
epithelium,epithelium_0,227,1494,1220
epithelium,epithelium_0,228,1526,1186
epithelium,epithelium_0,229,1532,1206
epithelium,epithelium_0,230,1508,1260
epithelium,epithelium_0,231,1508,1280
epithelium,epithelium_0,232,1540,1290
epithelium,epithelium_0,233,1564,1274
epithelium,epithelium_0,234,1600,1270
epithelium,epithelium_0,235,1592,1198
epithelium,epithelium_0,236,1560,1140
epithelium,epithelium_0,237,1572,1112
epithelium,epithelium_0,238,1590,1100
epithelium,epithelium_0,239,1584,1066
epithelium,epithelium_0,240,1612,1052
epithelium,epithelium_0,241,1608,970
epithelium,epithelium_0,242,1620,944
epithelium,epithelium_0,243,1620,926
epithelium,epithelium_0,244,1590,886
epithelium,epithelium_0,245,1614,852
epithelium,epithelium_0,246,1612,770
epithelium,epithelium_0,247,1604,758
epithelium,epithelium_0,248,1612,714
epithelium,epithelium_0,249,1586,692
epithelium,epithelium_0,250,1594,672
epithelium,epithelium_1,0,1736,2284
epithelium,epithelium_1,1,1716,2286
epithelium,epithelium_1,2,1704,2308
epithelium,epithelium_1,3,1684,2424
epithelium,epithelium_1,4,1656,2486
epithelium,epithelium_1,5,1634,2516
epithelium,epithelium_1,6,1592,2532
epithelium,epithelium_1,7,1568,2588
epithelium,epithelium_1,8,1564,2710
epithelium,epithelium_1,9,1546,2772
epithelium,epithelium_1,10,1556,2882
epithelium,epithelium_1,11,1570,2922
epithelium,epithelium_1,12,1560,2964
epithelium,epithelium_1,13,1646,2964
epithelium,epithelium_1,14,1644,2930
epithelium,epithelium_1,15,1664,2908
epithelium,epithelium_1,16,1674,2912
epithelium,epithelium_1,17,1674,2928
epithelium,epithelium_1,18,1656,2964
epithelium,epithelium_1,19,1696,2964
epithelium,epithelium_1,20,1694,2922
epithelium,epithelium_1,21,1708,2888
epithelium,epithelium_1,22,1714,2796
epithelium,epithelium_1,23,1738,2768
epithelium,epithelium_1,24,1730,2696
epithelium,epithelium_1,25,1734,2626
epithelium,epithelium_1,26,1700,2626
epithelium,epithelium_1,27,1690,2614
epithelium,epithelium_1,28,1690,2590
epithelium,epithelium_1,29,1720,2548
epithelium,epithelium_1,30,1744,2558
epithelium,epithelium_1,31,1748,2592
epithelium,epithelium_1,32,1776,2586
epithelium,epithelium_1,33,1778,2556
epithelium,epithelium_1,34,1768,2546
epithelium,epithelium_1,35,1772,2470
epithelium,epithelium_1,36,1808,2444
epithelium,epithelium_1,37,1808,2410
epithelium,epithelium_1,38,1768,2418
epithelium,epithelium_1,39,1758,2408
epithelium,epithelium_1,40,1742,2358
epithelium,epithelium_1,41,1748,2294
epithelium,epithelium_2,0,796,2424
epithelium,epithelium_2,1,776,2428
epithelium,epithelium_2,2,770,2472
epithelium,epithelium_2,3,754,2506
epithelium,epithelium_2,4,706,2560
epithelium,epithelium_2,5,680,2630
epithelium,epithelium_2,6,578,2766
epithelium,epithelium_2,7,572,2826
epithelium,epithelium_2,8,582,2892
epithelium,epithelium_2,9,594,2910
epithelium,epithelium_2,10,592,2964
epithelium,epithelium_2,11,620,2964
epithelium,epithelium_2,12,634,2948
epithelium,epithelium_2,13,622,2906
epithelium,epithelium_2,14,636,2850
epithelium,epithelium_2,15,618,2822
epithelium,epithelium_2,16,638,2788
epithelium,epithelium_2,17,636,2756
epithelium,epithelium_2,18,666,2744
epithelium,epithelium_2,19,660,2712
epithelium,epithelium_2,20,698,2714
epithelium,epithelium_2,21,682,2672
epithelium,epithelium_2,22,698,2640
epithelium,epithelium_2,23,734,2636
epithelium,epithelium_2,24,752,2666
epithelium,epithelium_2,25,778,2656
epithelium,epithelium_2,26,788,2664
epithelium,epithelium_2,27,786,2688
epithelium,epithelium_2,28,738,2724
epithelium,epithelium_2,29,724,2772
epithelium,epithelium_2,30,766,2768
epithelium,epithelium_2,31,828,2724
epithelium,epithelium_2,32,828,2708
epithelium,epithelium_2,33,806,2674
epithelium,epithelium_2,34,798,2602
epithelium,epithelium_2,35,788,2584
epithelium,epithelium_2,36,786,2476
epithelium,epithelium_2,37,798,2446
